method,source_key,curve,step,true_loss,raw_loss,pred_loss,error,abs_error,rel_error,phase
single (ridge),M:100M_gpt_D:20B_scheduler:wsd_rope,wsd,1000,3.887977843284607,3.8218655586242676,3.8812914207312024,-0.006686422553404459,0.006686422553404459,0.0017197686877134296,stable
single (ridge),M:100M_gpt_D:20B_scheduler:wsd_rope,wsd,1100,3.7858058500289915,3.745344877243042,3.7861315451217425,0.0003256950927510438,0.0003256950927510438,8.60305852051419e-05,stable
single (ridge),M:100M_gpt_D:20B_scheduler:wsd_rope,wsd,1200,3.710863175392151,3.754175901412964,3.706143069464676,-0.004720105927474627,0.004720105927474627,0.001271969809820817,stable
single (ridge),M:100M_gpt_D:20B_scheduler:wsd_rope,wsd,1300,3.6132275342941282,3.6001100540161133,3.63792227898705,0.024694744692921766,0.024694744692921766,0.006834539053668004,stable
single (ridge),M:100M_gpt_D:20B_scheduler:wsd_rope,wsd,1400,3.5769330072402954,3.5044538974761963,3.5790182222242417,0.002085214983946315,0.002085214983946315,0.0005829617104165776,stable
single (ridge),M:100M_gpt_D:20B_scheduler:wsd_rope,wsd,1500,3.519075608253479,3.436814546585083,3.5276201464805053,0.008544538227026166,0.008544538227026166,0.0024280632695092416,stable
single (ridge),M:100M_gpt_D:20B_scheduler:wsd_rope,wsd,1600,3.4619441080093383,3.4182310104370117,3.4823606361679875,0.02041652815864925,0.02041652815864925,0.005897417035536433,stable
single (ridge),M:100M_gpt_D:20B_scheduler:wsd_rope,wsd,1700,3.4300758028030396,3.4771292209625244,3.4421873259387543,0.01211152313571473,0.01211152313571473,0.0035309782733714684,stable
single (ridge),M:100M_gpt_D:20B_scheduler:wsd_rope,wsd,1800,3.4106764602661133,3.401357412338257,3.4062768124972935,-0.004399647768819737,0.004399647768819737,0.0012899633899828952,stable
single (ridge),M:100M_gpt_D:20B_scheduler:wsd_rope,wsd,1900,3.380591425895691,3.3229987621307373,3.373975390407987,-0.006616035487704064,0.006616035487704064,0.001957064505643754,stable
single (ridge),M:100M_gpt_D:20B_scheduler:wsd_rope,wsd,2000,3.3530678606033324,3.2881240844726562,3.344757328580355,-0.00831053202297749,0.00831053202297749,0.0024784860815438847,stable
single (ridge),M:100M_gpt_D:20B_scheduler:wsd_rope,wsd,2100,3.3174173784255983,3.3351237773895264,3.3181949065906857,0.000777528165087471,0.000777528165087471,0.0002343775522923424,stable
single (ridge),M:100M_gpt_D:20B_scheduler:wsd_rope,wsd,2200,3.2847546482086183,3.244568347930908,3.2939365116940356,0.009181863485417274,0.009181863485417274,0.0027952965955690837,stable
single (ridge),M:100M_gpt_D:20B_scheduler:wsd_rope,wsd,2300,3.2646323442459106,3.236999988555908,3.2716903714238446,0.007058027177933912,0.007058027177933912,0.0021619669333896242,stable
single (ridge),M:100M_gpt_D:20B_scheduler:wsd_rope,wsd,2400,3.238837184906006,3.2570669651031494,3.251212297053732,0.012375112147726242,0.012375112147726242,0.0038208503364720323,stable
single (ridge),M:100M_gpt_D:20B_scheduler:wsd_rope,wsd,2500,3.2206114196777342,3.2318341732025146,3.2322963279316816,0.011684908253947413,0.011684908253947413,0.0036281645722775974,stable
single (ridge),M:100M_gpt_D:20B_scheduler:wsd_rope,wsd,2600,3.1942059707641604,3.230228900909424,3.214767504809168,0.0205615340450076,0.0205615340450076,0.0064371346848646075,stable
single (ridge),M:100M_gpt_D:20B_scheduler:wsd_rope,wsd,2700,3.178128972053528,3.2168796062469482,3.1984762266862408,0.020347254632712808,0.020347254632712808,0.00640227467533061,stable
single (ridge),M:100M_gpt_D:20B_scheduler:wsd_rope,wsd,2800,3.161827630996704,3.151695489883423,3.183293799964623,0.021466168967918975,0.021466168967918975,0.00678916483538737,stable
single (ridge),M:100M_gpt_D:20B_scheduler:wsd_rope,wsd,2900,3.1467109060287477,3.1283347606658936,3.1691088955206075,0.022397989491859782,0.022397989491859782,0.007117905063648436,stable
single (ridge),M:100M_gpt_D:20B_scheduler:wsd_rope,wsd,3000,3.1408142614364625,3.1168618202209473,3.1558247043700054,0.015010442933542922,0.015010442933542922,0.004779156512960382,stable
single (ridge),M:100M_gpt_D:20B_scheduler:wsd_rope,wsd,3100,3.126716275215149,3.1196930408477783,3.143356636062004,0.016640360846855273,0.016640360846855273,0.005321992589721066,stable
single (ridge),M:100M_gpt_D:20B_scheduler:wsd_rope,wsd,3200,3.1230535745620727,3.097219467163086,3.131630442502328,0.008576867940255362,0.008576867940255362,0.0027463082958665047,stable
single (ridge),M:100M_gpt_D:20B_scheduler:wsd_rope,wsd,3300,3.1010832023620605,3.0964598655700684,3.1205806780476806,0.019497475685620103,0.019497475685620103,0.006287311372609768,stable
single (ridge),M:100M_gpt_D:20B_scheduler:wsd_rope,wsd,3400,3.091271047592163,3.056572675704956,3.110149427473674,0.018878379881511087,0.018878379881511087,0.006106995986720653,stable
single (ridge),M:100M_gpt_D:20B_scheduler:wsd_rope,wsd,3500,3.086628155708313,3.087930917739868,3.1002852488891235,0.013657093180810431,0.013657093180810431,0.004424599430790986,stable
single (ridge),M:100M_gpt_D:20B_scheduler:wsd_rope,wsd,3600,3.0795698022842406,3.0323855876922607,3.0909422903080843,0.011372488023843719,0.011372488023843719,0.0036928820432673057,stable
single (ridge),M:100M_gpt_D:20B_scheduler:wsd_rope,wsd,3700,3.0764728307724,3.0369601249694824,3.0820795474245997,0.005606716652199584,0.005606716652199584,0.0018224495910116403,stable
single (ridge),M:100M_gpt_D:20B_scheduler:wsd_rope,wsd,3800,3.050888390541077,3.0115020275115967,3.073660236895856,0.022771846354779246,0.022771846354779246,0.007464005050260343,stable
single (ridge),M:100M_gpt_D:20B_scheduler:wsd_rope,wsd,3900,3.0487819719314575,2.9401960372924805,3.065651264654459,0.01686929272300164,0.01686929272300164,0.005533125319654998,stable
single (ridge),M:100M_gpt_D:20B_scheduler:wsd_rope,wsd,4000,3.043144774436951,3.0047600269317627,3.0580227728230955,0.014877998386144675,0.014877998386144675,0.004889020894149682,stable
single (ridge),M:100M_gpt_D:20B_scheduler:wsd_rope,wsd,4100,3.0300449991226195,2.9659833908081055,3.050747751976075,0.020702752853455575,0.020702752853455575,0.006832490230161687,stable
single (ridge),M:100M_gpt_D:20B_scheduler:wsd_rope,wsd,4200,3.0277586364746094,3.025801181793213,3.043801707990308,0.016043071515698504,0.016043071515698504,0.005298662622057073,stable
single (ridge),M:100M_gpt_D:20B_scheduler:wsd_rope,wsd,4300,3.017262926101685,3.032059669494629,3.0371623747083016,0.019899448606616854,0.019899448606616854,0.006595198726127264,stable
single (ridge),M:100M_gpt_D:20B_scheduler:wsd_rope,wsd,4400,3.0175613021850585,2.9725968837738037,3.0308094652147055,0.013248163029647042,0.013248163029647042,0.0043903542307670304,stable
single (ridge),M:100M_gpt_D:20B_scheduler:wsd_rope,wsd,4500,3.0095462465286253,3.009796380996704,3.0247244557939252,0.015178209265299891,0.015178209265299891,0.005043354719272803,stable
single (ridge),M:100M_gpt_D:20B_scheduler:wsd_rope,wsd,4600,3.0073698425292967,3.0223515033721924,3.0188903976570587,0.011520555127761956,0.011520555127761956,0.00383077430811529,stable
single (ridge),M:100M_gpt_D:20B_scheduler:wsd_rope,wsd,4700,3.004562315940857,3.009906053543091,3.0132917523534553,0.008729436412598268,0.008729436412598268,0.0029053936962078644,stable
single (ridge),M:100M_gpt_D:20B_scheduler:wsd_rope,wsd,4800,2.9926653575897215,2.9914536476135254,3.007914247455695,0.015248889865973503,0.015248889865973503,0.0050954209856109295,stable
single (ridge),M:100M_gpt_D:20B_scheduler:wsd_rope,wsd,4900,2.9845961284637452,2.9540741443634033,3.0027447496577095,0.01814862119396432,0.01814862119396432,0.0060807628278020725,stable
single (ridge),M:100M_gpt_D:20B_scheduler:wsd_rope,wsd,5000,2.983757495880127,3.026648759841919,2.997771152878495,0.014013656998367985,0.014013656998367985,0.004696647437909272,stable
single (ridge),M:100M_gpt_D:20B_scheduler:wsd_rope,wsd,5100,2.982484517097473,3.0020763874053955,2.9929822793374252,0.010497762239952024,0.010497762239952024,0.0035198044381361455,stable
single (ridge),M:100M_gpt_D:20B_scheduler:wsd_rope,wsd,5200,2.9775556659698488,3.000659465789795,2.98836779187675,0.010812125906901393,0.010812125906901393,0.003631208655633872,stable
single (ridge),M:100M_gpt_D:20B_scheduler:wsd_rope,wsd,5300,2.9811988162994383,2.9903645515441895,2.983918116064302,0.002719299764863514,0.002719299764863514,0.0009121497533126559,stable
single (ridge),M:100M_gpt_D:20B_scheduler:wsd_rope,wsd,5400,2.9732185554504396,2.966913938522339,2.979624370824429,0.006405815373989654,0.006405815373989654,0.0021545053801196863,stable
single (ridge),M:100M_gpt_D:20B_scheduler:wsd_rope,wsd,5500,2.9610808420181276,2.8903138637542725,2.975478306525316,0.014397464507188484,0.014397464507188484,0.004862232838390146,stable
single (ridge),M:100M_gpt_D:20B_scheduler:wsd_rope,wsd,5600,2.969875454902649,3.044198989868164,2.9714722496022747,0.0015967946996258142,0.0015967946996258142,0.0005376638596038891,stable
single (ridge),M:100M_gpt_D:20B_scheduler:wsd_rope,wsd,5700,2.962596263885498,2.984370470046997,2.967599052924407,0.00500278903890905,0.00500278903890905,0.0016886502895766848,stable
single (ridge),M:100M_gpt_D:20B_scheduler:wsd_rope,wsd,5800,2.9593548440933226,2.932591438293457,2.963852051220148,0.00449720712682522,0.00449720712682522,0.0015196579537602086,stable
single (ridge),M:100M_gpt_D:20B_scheduler:wsd_rope,wsd,5900,2.9458939361572267,3.0064027309417725,2.96022502096901,0.014331084811783246,0.014331084811783246,0.004864766051447676,stable
single (ridge),M:100M_gpt_D:20B_scheduler:wsd_rope,wsd,6000,2.95451265335083,3.0265588760375977,2.956712144245012,0.0021994908941818103,0.0021994908941818103,0.0007444513367330752,stable
single (ridge),M:100M_gpt_D:20B_scheduler:wsd_rope,wsd,6100,2.9438326835632322,2.895596981048584,2.9533079760640137,0.009475292500781496,0.009475292500781496,0.003218692609021701,stable
single (ridge),M:100M_gpt_D:20B_scheduler:wsd_rope,wsd,6200,2.944732928276062,2.915900468826294,2.950007414844327,0.005274486568265235,0.005274486568265235,0.0017911595709133065,stable
single (ridge),M:100M_gpt_D:20B_scheduler:wsd_rope,wsd,6300,2.9379922485351564,2.896794319152832,2.946805675639035,0.008813427103878446,0.008813427103878446,0.0029998129192725757,stable
single (ridge),M:100M_gpt_D:20B_scheduler:wsd_rope,wsd,6400,2.9372642421722412,2.953922748565674,2.943698265840679,0.006434023668437927,0.006434023668437927,0.002190481733328722,stable
single (ridge),M:100M_gpt_D:20B_scheduler:wsd_rope,wsd,6500,2.942619948387146,2.8715381622314453,2.940680963095417,-0.0019389852917286454,0.0019389852917286454,0.0006589316071181418,stable
single (ridge),M:100M_gpt_D:20B_scheduler:wsd_rope,wsd,6600,2.9317010116577147,2.9212088584899902,2.9377497951952605,0.006048783537545788,0.006048783537545788,0.00206323343120366,stable
single (ridge),M:100M_gpt_D:20B_scheduler:wsd_rope,wsd,6700,2.9345643281936646,2.935678720474243,2.9349010217443405,0.0003366935506758928,0.0003366935506758928,0.0001147337434184448,stable
single (ridge),M:100M_gpt_D:20B_scheduler:wsd_rope,wsd,6800,2.9151241064071653,2.914903402328491,2.9321311174188818,0.017007011011716422,0.017007011011716422,0.005834060709229027,stable
single (ridge),M:100M_gpt_D:20B_scheduler:wsd_rope,wsd,6900,2.921626214981079,2.9322328567504883,2.9294367566612523,0.007810541680173255,0.007810541680173255,0.0026733541888840965,stable
single (ridge),M:100M_gpt_D:20B_scheduler:wsd_rope,wsd,7000,2.9292830991744996,2.9704556465148926,2.9268147996664857,-0.0024682995080138603,0.0024682995080138603,0.0008426292114645563,stable
single (ridge),M:100M_gpt_D:20B_scheduler:wsd_rope,wsd,7100,2.9176818323135376,2.829726219177246,2.924262279535468,0.006580447221930186,0.006580447221930186,0.0022553683369623293,stable
single (ridge),M:100M_gpt_D:20B_scheduler:wsd_rope,wsd,7200,2.925360708236694,2.9731438159942627,2.921776390482791,-0.003584317753903221,0.003584317753903221,0.00122525668161576,stable
single (ridge),M:100M_gpt_D:20B_scheduler:wsd_rope,wsd,7300,2.9067997455596926,2.962143898010254,2.919354476999428,0.012554731439735622,0.012554731439735622,0.0043190905940162245,stable
single (ridge),M:100M_gpt_D:20B_scheduler:wsd_rope,wsd,7400,2.9012462663650513,2.8511531352996826,2.9169940238810526,0.015747757516001215,0.015747757516001215,0.005427928576270589,stable
single (ridge),M:100M_gpt_D:20B_scheduler:wsd_rope,wsd,7500,2.9206252241134645,2.909168243408203,2.9146926470422234,-0.005932577071241063,0.005932577071241063,0.002031269545390527,stable
single (ridge),M:100M_gpt_D:20B_scheduler:wsd_rope,wsd,7600,2.9186586046218874,2.874150276184082,2.912448085044983,-0.0062105195769044386,0.0062105195769044386,0.0021278677701700613,stable
single (ridge),M:100M_gpt_D:20B_scheduler:wsd_rope,wsd,7700,2.916969861984253,2.958190679550171,2.9102581912777397,-0.006711670706513129,0.006711670706513129,0.0023009050569852483,stable
single (ridge),M:100M_gpt_D:20B_scheduler:wsd_rope,wsd,7800,2.905909233093262,2.9027044773101807,2.9081209267268138,0.002211693633551892,0.002211693633551892,0.0007611021047610645,stable
single (ridge),M:100M_gpt_D:20B_scheduler:wsd_rope,wsd,7900,2.912251663208008,2.8975307941436768,2.9060343532888084,-0.006217309919199554,0.006217309919199554,0.0021348807171255382,stable
single (ridge),M:100M_gpt_D:20B_scheduler:wsd_rope,wsd,8000,2.912984929084778,2.9108941555023193,2.903996627577074,-0.008988301507703689,0.008988301507703689,0.0030855983558169993,stable
single (ridge),M:100M_gpt_D:20B_scheduler:wsd_rope,wsd,8100,2.9086111879348753,2.892012596130371,2.90200599518012,-0.00660519275475524,0.00660519275475524,0.002270909491840658,stable
single (ridge),M:100M_gpt_D:20B_scheduler:wsd_rope,wsd,8200,2.895830602645874,2.946586847305298,2.900060785333866,0.004230182687991579,0.004230182687991579,0.0014607838884382702,stable
single (ridge),M:100M_gpt_D:20B_scheduler:wsd_rope,wsd,8300,2.9004420328140257,2.9090609550476074,2.8981594059733045,-0.0022826268407212247,0.0022826268407212247,0.0007869927462424087,stable
single (ridge),M:100M_gpt_D:20B_scheduler:wsd_rope,wsd,8400,2.878935055732727,2.9104273319244385,2.896300339132327,0.017365283399600084,0.017365283399600084,0.006031842699966842,stable
single (ridge),M:100M_gpt_D:20B_scheduler:wsd_rope,wsd,8500,2.8904422426223757,2.9075143337249756,2.8944821366634264,0.004039894041050651,0.004039894041050651,0.0013976733322944473,stable
single (ridge),M:100M_gpt_D:20B_scheduler:wsd_rope,wsd,8600,2.88934889793396,2.8802688121795654,2.8927034162515675,0.003354518317607358,0.003354518317607358,0.0011609945479433166,stable
single (ridge),M:100M_gpt_D:20B_scheduler:wsd_rope,wsd,8700,2.8969319820404054,2.8752996921539307,2.890962857698851,-0.005969124341554277,0.005969124341554277,0.002060498616660659,stable
single (ridge),M:100M_gpt_D:20B_scheduler:wsd_rope,wsd,8800,2.8939113235473632,2.9033336639404297,2.889259199458717,-0.004652124088646126,0.004652124088646126,0.0016075558538343675,stable
single (ridge),M:100M_gpt_D:20B_scheduler:wsd_rope,wsd,8900,2.884884376525879,2.885586738586426,2.8875912354003006,0.0027068588744216804,0.0027068588744216804,0.0009382902470709811,stable
single (ridge),M:100M_gpt_D:20B_scheduler:wsd_rope,wsd,9000,2.885729823112488,2.9247779846191406,2.8859578117852727,0.00022798867278472912,0.00022798867278472912,7.900555033209079e-05,stable
single (ridge),M:100M_gpt_D:20B_scheduler:wsd_rope,wsd,9100,2.8857060861587525,2.903233766555786,2.884357824441032,-0.0013482617177205114,0.0013482617177205114,0.00046722073470594573,stable
single (ridge),M:100M_gpt_D:20B_scheduler:wsd_rope,wsd,9200,2.8890717315673826,2.8728911876678467,2.8827902161154917,-0.006281515451890929,0.006281515451890929,0.002174233122444168,stable
single (ridge),M:100M_gpt_D:20B_scheduler:wsd_rope,wsd,9300,2.8813475656509397,2.8731091022491455,2.881253973999974,-9.359165096567423e-05,9.359165096567423e-05,3.2481902593563187e-05,stable
single (ridge),M:100M_gpt_D:20B_scheduler:wsd_rope,wsd,9400,2.8749918794631957,2.8772525787353516,2.87974812740785,0.004756247944654124,0.004756247944654124,0.0016543517839577992,stable
single (ridge),M:100M_gpt_D:20B_scheduler:wsd_rope,wsd,9500,2.8791937112808226,2.8398146629333496,2.878271745597596,-0.0009219656832266665,0.0009219656832266665,0.00032021662162374126,stable
single (ridge),M:100M_gpt_D:20B_scheduler:wsd_rope,wsd,9600,2.889275999069214,2.890840530395508,2.8768239357298713,-0.01245206333934279,0.01245206333934279,0.004309752112070376,stable
single (ridge),M:100M_gpt_D:20B_scheduler:wsd_rope,wsd,9700,2.8701069211959838,2.8907711505889893,2.8754038409490708,0.005296919753086993,0.005296919753086993,0.001845547883240443,stable
single (ridge),M:100M_gpt_D:20B_scheduler:wsd_rope,wsd,9800,2.8728139638900756,2.925588846206665,2.8740106385805713,0.0011966746904956693,0.0011966746904956693,0.00041655140414148257,stable
single (ridge),M:100M_gpt_D:20B_scheduler:wsd_rope,wsd,9900,2.8685148763656616,2.8438446521759033,2.872643538435599,0.004128662069937228,0.004128662069937228,0.0014393030009898858,stable
single (ridge),M:100M_gpt_D:20B_scheduler:wsd_rope,wsd,10000,2.8647144269943237,2.876328706741333,2.87130178121628,0.006587354221956332,0.006587354221956332,0.0022994802413404346,stable
single (ridge),M:100M_gpt_D:20B_scheduler:wsd_rope,wsd,10100,2.869548087120056,2.8133487701416016,2.8699846370140185,0.0004365498939624679,0.0004365498939624679,0.00015213193182644983,stable
single (ridge),M:100M_gpt_D:20B_scheduler:wsd_rope,wsd,10200,2.8658834075927735,2.8249971866607666,2.8686914038948825,0.0028079963021090393,0.0028079963021090393,0.000979801304780798,stable
single (ridge),M:100M_gpt_D:20B_scheduler:wsd_rope,wsd,10300,2.8723765277862547,2.8889293670654297,2.8674214065661583,-0.004955121220096448,0.004955121220096448,0.0017250945940278128,stable
single (ridge),M:100M_gpt_D:20B_scheduler:wsd_rope,wsd,10400,2.8597779083251953,2.848888635635376,2.8661739951186735,0.006396086793478251,0.006396086793478251,0.0022365676631246043,stable
single (ridge),M:100M_gpt_D:20B_scheduler:wsd_rope,wsd,10500,2.8660184812545775,2.8747591972351074,2.864948543839922,-0.001069937414655442,0.001069937414655442,0.00037331839332281104,stable
single (ridge),M:100M_gpt_D:20B_scheduler:wsd_rope,wsd,10600,2.8593970489501954,2.8513336181640625,2.863744450093346,0.0043474011431507975,0.0043474011431507975,0.001520390861684253,stable
single (ridge),M:100M_gpt_D:20B_scheduler:wsd_rope,wsd,10700,2.8685860061645507,2.93192982673645,2.862561133259531,-0.006024872905019851,0.006024872905019851,0.002100293626222984,stable
single (ridge),M:100M_gpt_D:20B_scheduler:wsd_rope,wsd,10800,2.8562413597106935,2.8716516494750977,2.8613980337353326,0.005156674024639152,0.005156674024639152,0.0018054055575896664,stable
single (ridge),M:100M_gpt_D:20B_scheduler:wsd_rope,wsd,10900,2.8586677217483523,2.82647705078125,2.8602546119872723,0.0015868902389200024,0.0015868902389200024,0.0005551153171273314,stable
single (ridge),M:100M_gpt_D:20B_scheduler:wsd_rope,wsd,11000,2.859303493499756,2.849710464477539,2.8591303476557917,-0.0001731458439642175,0.0001731458439642175,6.0555252129702714e-05,stable
single (ridge),M:100M_gpt_D:20B_scheduler:wsd_rope,wsd,11100,2.8549627304077148,2.892728567123413,2.858024738707193,0.003062008299478336,0.003062008299478336,0.0010725212861328853,stable
single (ridge),M:100M_gpt_D:20B_scheduler:wsd_rope,wsd,11200,2.853217191696167,2.884680986404419,2.8569373006303347,0.003720108934167854,0.003720108934167854,0.0013038295664958971,stable
single (ridge),M:100M_gpt_D:20B_scheduler:wsd_rope,wsd,11300,2.8573738813400267,2.8472158908843994,2.855867565675333,-0.0015063156646935028,0.0015063156646935028,0.0005271678566569258,stable
single (ridge),M:100M_gpt_D:20B_scheduler:wsd_rope,wsd,11400,2.8565342950820924,2.874243974685669,2.854815082131734,-0.001719212950358262,0.001719212950358262,0.0006018527252825629,stable
single (ridge),M:100M_gpt_D:20B_scheduler:wsd_rope,wsd,11500,2.8520925140380857,2.8434431552886963,2.853779413643778,0.0016868996056924601,0.0016868996056924601,0.0005914603391683436,stable
single (ridge),M:100M_gpt_D:20B_scheduler:wsd_rope,wsd,11600,2.8523948049545287,2.7591395378112793,2.8527601385605474,0.0003653336060187584,0.0003653336060187584,0.00012807960713719725,stable
single (ridge),M:100M_gpt_D:20B_scheduler:wsd_rope,wsd,11700,2.861267719268799,2.861551523208618,2.8517568493189414,-0.009510869949857614,0.009510869949857614,0.0033240056097540325,stable
single (ridge),M:100M_gpt_D:20B_scheduler:wsd_rope,wsd,11800,2.8553506326675415,2.8591113090515137,2.85076915185755,-0.004581480809991323,0.004581480809991323,0.0016045247674928058,stable
single (ridge),M:100M_gpt_D:20B_scheduler:wsd_rope,wsd,11900,2.8499562788009642,2.850145101547241,2.8497966650596385,-0.00015961374132578143,0.00015961374132578143,5.600568068817331e-05,stable
single (ridge),M:100M_gpt_D:20B_scheduler:wsd_rope,wsd,12000,2.8526383781433107,2.9131996631622314,2.8488390202235614,-0.00379935791974928,0.00379935791974928,0.0013318750630502833,stable
single (ridge),M:100M_gpt_D:20B_scheduler:wsd_rope,wsd,12100,2.8449416732788086,2.869044542312622,2.847895860559042,0.0029541872802334446,0.0029541872802334446,0.0010383999461151447,stable
single (ridge),M:100M_gpt_D:20B_scheduler:wsd_rope,wsd,12200,2.838925199508667,2.8771302700042725,2.8469668407078546,0.008041641199187488,0.008041641199187488,0.002832635816040259,stable
single (ridge),M:100M_gpt_D:20B_scheduler:wsd_rope,wsd,12300,2.84276957988739,2.8637325763702393,2.846051626287529,0.0032820464001388494,0.0032820464001388494,0.001154524244018701,stable
single (ridge),M:100M_gpt_D:20B_scheduler:wsd_rope,wsd,12400,2.841701698303223,2.941164493560791,2.8451498934568105,0.00344819515358763,0.00344819515358763,0.0012134261508329827,stable
single (ridge),M:100M_gpt_D:20B_scheduler:wsd_rope,wsd,12500,2.8535352039337156,2.8313848972320557,2.844261328501656,-0.009273875432059597,0.009273875432059597,0.0032499600563102144,stable
single (ridge),M:100M_gpt_D:20B_scheduler:wsd_rope,wsd,12600,2.845749659538269,2.933779716491699,2.843385627440652,-0.0023640320976170415,0.0023640320976170415,0.0008307238444862407,stable
single (ridge),M:100M_gpt_D:20B_scheduler:wsd_rope,wsd,12700,2.834663577079773,2.845961332321167,2.8425224956487907,0.007858918569017881,0.007858918569017881,0.0027724343137445675,stable
single (ridge),M:100M_gpt_D:20B_scheduler:wsd_rope,wsd,12800,2.843377614021301,2.873483896255493,2.8416716474986177,-0.0017059665226835108,0.0017059665226835108,0.0005999788822529326,stable
single (ridge),M:100M_gpt_D:20B_scheduler:wsd_rope,wsd,12900,2.837287178039551,2.857822895050049,2.840832806017818,0.003545627978267074,0.003545627978267074,0.001249654249210317,stable
single (ridge),M:100M_gpt_D:20B_scheduler:wsd_rope,wsd,13000,2.839994969367981,2.897844076156616,2.840005702562367,1.0733194386158829e-05,1.0733194386158829e-05,3.7793004924045405e-06,stable
single (ridge),M:100M_gpt_D:20B_scheduler:wsd_rope,wsd,13100,2.833216276168823,2.8693714141845703,2.8391900765044262,0.00597380033560313,0.00597380033560313,0.0021084872291080854,stable
single (ridge),M:100M_gpt_D:20B_scheduler:wsd_rope,wsd,13200,2.8438818359375,2.876272201538086,2.838385674934213,-0.005496161003287092,0.005496161003287092,0.0019326263608541439,stable
single (ridge),M:100M_gpt_D:20B_scheduler:wsd_rope,wsd,13300,2.832278919219971,2.809556245803833,2.837592252375115,0.00531333315514404,0.00531333315514404,0.0018759921980450176,stable
single (ridge),M:100M_gpt_D:20B_scheduler:wsd_rope,wsd,13400,2.8504191732406614,2.833566427230835,2.83680957051137,-0.01360960272929157,0.01360960272929157,0.004774596963512113,stable
single (ridge),M:100M_gpt_D:20B_scheduler:wsd_rope,wsd,13500,2.8417606353759766,2.820288896560669,2.836037397927662,-0.005723237448314489,0.005723237448314489,0.002013975905313109,stable
single (ridge),M:100M_gpt_D:20B_scheduler:wsd_rope,wsd,13600,2.840298795700073,2.806567430496216,2.83527550986004,-0.005023285840032976,0.005023285840032976,0.0017685765482271533,stable
single (ridge),M:100M_gpt_D:20B_scheduler:wsd_rope,wsd,13700,2.828632688522339,2.842071056365967,2.8345236879575757,0.005890999435236743,0.005890999435236743,0.0020826314633004424,stable
single (ridge),M:100M_gpt_D:20B_scheduler:wsd_rope,wsd,13800,2.832166509628296,2.781273126602173,2.833781720054224,0.0016152104259279376,0.0016152104259279376,0.0005703091327564367,stable
single (ridge),M:100M_gpt_D:20B_scheduler:wsd_rope,wsd,13900,2.827244830131531,2.814845561981201,2.8330493999503927,0.005804569818861793,0.005804569818861793,0.002053083538078925,stable
single (ridge),M:100M_gpt_D:20B_scheduler:wsd_rope,wsd,14000,2.8354876470565795,2.847630739212036,2.832326527203722,-0.003161119852857386,0.003161119852857386,0.0011148416943867958,stable
single (ridge),M:100M_gpt_D:20B_scheduler:wsd_rope,wsd,14100,2.8286248207092286,2.8847665786743164,2.8316129069286404,0.002988086219411823,0.002988086219411823,0.001056374177846114,stable
single (ridge),M:100M_gpt_D:20B_scheduler:wsd_rope,wsd,14200,2.8308922910690306,2.8631412982940674,2.8309083496042544,1.605853522379519e-05,1.605853522379519e-05,5.672605515390697e-06,stable
single (ridge),M:100M_gpt_D:20B_scheduler:wsd_rope,wsd,14300,2.828599286079407,2.851749897003174,2.830212670890186,0.001613384810779106,0.001613384810779106,0.0005703829519858734,stable
single (ridge),M:100M_gpt_D:20B_scheduler:wsd_rope,wsd,14400,2.828803901672363,2.7960433959960938,2.8295256914499602,0.0007217897775970705,0.0007217897775970705,0.0002551572334760833,stable
single (ridge),M:100M_gpt_D:20B_scheduler:wsd_rope,wsd,14500,2.8208048820495604,2.766913414001465,2.8288472367815936,0.008042354732033186,0.008042354732033186,0.002851085086817389,stable
single (ridge),M:100M_gpt_D:20B_scheduler:wsd_rope,wsd,14600,2.837844386100769,2.856860399246216,2.828177137055041,-0.009667249045728354,0.009667249045728354,0.003406546565088886,stable
single (ridge),M:100M_gpt_D:20B_scheduler:wsd_rope,wsd,14700,2.8356986045837402,2.819007635116577,2.8275152269561716,-0.0081833776275686,0.0081833776275686,0.0028858418219554964,stable
single (ridge),M:100M_gpt_D:20B_scheduler:wsd_rope,wsd,14800,2.833933835029602,2.8319218158721924,2.8268613455369813,-0.007072489492620626,0.007072489492620626,0.0024956438309177214,stable
single (ridge),M:100M_gpt_D:20B_scheduler:wsd_rope,wsd,14900,2.8203095245361327,2.7377116680145264,2.8262153360717432,0.005905811535610539,0.005905811535610539,0.0020940295681134116,stable
single (ridge),M:100M_gpt_D:20B_scheduler:wsd_rope,wsd,15000,2.8246917390823363,2.810161590576172,2.8255770459188208,0.0008853068364844674,0.0008853068364844674,0.00031341715070547097,stable
single (ridge),M:100M_gpt_D:20B_scheduler:wsd_rope,wsd,15100,2.825511555671692,2.8098433017730713,2.824946326387897,-0.0005652292837949879,0.0005652292837949879,0.00020004493793713025,stable
single (ridge),M:100M_gpt_D:20B_scheduler:wsd_rope,wsd,15200,2.8250410556793213,2.8499038219451904,2.8243230326123565,-0.0007180230669647791,0.0007180230669647791,0.00025416376357479883,stable
single (ridge),M:100M_gpt_D:20B_scheduler:wsd_rope,wsd,15300,2.817913842201233,2.8394792079925537,2.8237070234266053,0.0057931812253722015,0.0057931812253722015,0.002055840437210393,stable
single (ridge),M:100M_gpt_D:20B_scheduler:wsd_rope,wsd,15400,2.8160787773132325,2.780864715576172,2.823098161248091,0.007019383934858681,0.007019383934858681,0.00249260922365096,stable
single (ridge),M:100M_gpt_D:20B_scheduler:wsd_rope,wsd,15500,2.8309848070144654,2.8404159545898438,2.822496311963824,-0.008488495050641642,0.008488495050641642,0.002998424798893055,stable
single (ridge),M:100M_gpt_D:20B_scheduler:wsd_rope,wsd,15600,2.8267800045013427,2.780611276626587,2.8219013448211983,-0.004878659680144448,0.004878659680144448,0.0017258717241439758,stable
single (ridge),M:100M_gpt_D:20B_scheduler:wsd_rope,wsd,15700,2.8206055641174315,2.787785768508911,2.821313132322918,0.0007075682054864529,0.0007075682054864529,0.0002508568424057021,stable
single (ridge),M:100M_gpt_D:20B_scheduler:wsd_rope,wsd,15800,2.81110755443573,2.808701753616333,2.820731550125858,0.009623995690128062,0.009623995690128062,0.0034235601106553442,stable
single (ridge),M:100M_gpt_D:20B_scheduler:wsd_rope,wsd,15900,2.822879977226257,2.8559741973876953,2.8201564769436804,-0.0027235002825767296,0.0027235002825767296,0.0009647949273609651,stable
single (ridge),M:100M_gpt_D:20B_scheduler:wsd_rope,wsd,16000,2.829472665786743,2.824172258377075,2.819587794453048,-0.009884871333694978,0.009884871333694978,0.003493538373146454,stable
single (ridge),M:100M_gpt_D:20B_scheduler:wsd_rope,wsd,16100,2.816163668632507,2.8769896030426025,2.8190253872032813,0.0028617185707742188,0.0028617185707742188,0.0010161762267758508,stable
single (ridge),M:100M_gpt_D:20B_scheduler:wsd_rope,wsd,16200,2.8188156986236574,2.8065483570098877,2.818469142529311,-0.00034655609434652845,0.00034655609434652845,0.00012294386416101676,stable
single (ridge),M:100M_gpt_D:20B_scheduler:wsd_rope,wsd,16300,2.8113968324661256,2.7570648193359375,2.8179189504677824,0.006522118001656807,0.006522118001656807,0.002319885235104174,stable
single (ridge),M:100M_gpt_D:20B_scheduler:wsd_rope,wsd,16400,2.8132525491714477,2.789376735687256,2.8173747036761903,0.0041221545047425145,0.0041221545047425145,0.001465262870180838,stable
single (ridge),M:100M_gpt_D:20B_scheduler:wsd_rope,wsd,16500,2.814045329093933,2.743840456008911,2.8168362973549,0.0027909682609670305,0.0027909682609670305,0.0009917993260846537,stable
single (ridge),M:100M_gpt_D:20B_scheduler:wsd_rope,wsd,16600,2.816449556350708,2.870197296142578,2.816303629171955,-0.00014592717875316907,0.00014592717875316907,5.1812459564249345e-05,stable
single (ridge),M:100M_gpt_D:20B_scheduler:wsd_rope,wsd,16700,2.8137959957122805,2.8444111347198486,2.815776599190535,0.0019806034782545723,0.0019806034782545723,0.0007038902185064788,stable
single (ridge),M:100M_gpt_D:20B_scheduler:wsd_rope,wsd,16800,2.805034885406494,2.7729156017303467,2.8152551097989726,0.010220224392478716,0.010220224392478716,0.0036435284443878295,stable
single (ridge),M:100M_gpt_D:20B_scheduler:wsd_rope,wsd,16900,2.8048640203475954,2.840998888015747,2.814739065643215,0.009875045295619778,0.009875045295619778,0.0035206859312901747,stable
single (ridge),M:100M_gpt_D:20B_scheduler:wsd_rope,wsd,17000,2.80723699092865,2.8455216884613037,2.8142283735616322,0.006991382632982379,0.006991382632982379,0.0024904853617897043,stable
single (ridge),M:100M_gpt_D:20B_scheduler:wsd_rope,wsd,17100,2.814604568481445,2.765368700027466,2.813722942522078,-0.0008816259593671383,0.0008816259593671383,0.00031323261862066797,stable
single (ridge),M:100M_gpt_D:20B_scheduler:wsd_rope,wsd,17200,2.8111898851394654,2.828251838684082,2.8132226835611167,0.0020327984216512718,0.0020327984216512718,0.0007231096100612296,stable
single (ridge),M:100M_gpt_D:20B_scheduler:wsd_rope,wsd,17300,2.8196505737304687,2.7971296310424805,2.8127275097253195,-0.006923064005149193,0.006923064005149193,0.0024552914710952306,stable
single (ridge),M:100M_gpt_D:20B_scheduler:wsd_rope,wsd,17400,2.8023040771484373,2.816288948059082,2.8122373360145607,0.009933258866123396,0.009933258866123396,0.0035446755928897123,stable
single (ridge),M:100M_gpt_D:20B_scheduler:wsd_rope,wsd,17500,2.8091948556900026,2.7664904594421387,2.811752079327225,0.002557223637222439,0.002557223637222439,0.0009103048270371143,stable
single (ridge),M:100M_gpt_D:20B_scheduler:wsd_rope,wsd,17600,2.807607765197754,2.7611007690429688,2.8112716584072546,0.003663893209500557,0.003663893209500557,0.001304987560911127,stable
single (ridge),M:100M_gpt_D:20B_scheduler:wsd_rope,wsd,17700,2.8000346422195435,2.7836544513702393,2.8107959937929654,0.010761351573421951,0.010761351573421951,0.003843292297588003,stable
single (ridge),M:100M_gpt_D:20B_scheduler:wsd_rope,wsd,17800,2.810111427307129,2.8342103958129883,2.8103250077675628,0.00021358046043395973,0.00021358046043395973,7.600426743171157e-05,stable
single (ridge),M:100M_gpt_D:20B_scheduler:wsd_rope,wsd,17900,2.80482931137085,2.8108108043670654,2.8098586243112877,0.005029312940437958,0.005029312940437958,0.0017930905528008405,stable
single (ridge),M:100M_gpt_D:20B_scheduler:wsd_rope,wsd,18000,2.8044507360458373,2.8540852069854736,2.809396769055138,0.004946033009300521,0.004946033009300521,0.0017636369738033726,stable
single (ridge),M:100M_gpt_D:20B_scheduler:wsd_rope,wsd,18100,2.802327175140381,2.7761878967285156,2.8089393692360973,0.0066121940957164504,0.0066121940957164504,0.0023595368001187145,stable
single (ridge),M:100M_gpt_D:20B_scheduler:wsd_rope,wsd,18200,2.819090542793274,2.7821319103240967,2.8084863536538194,-0.0106041891394546,0.0106041891394546,0.0037615638726337334,stable
single (ridge),M:100M_gpt_D:20B_scheduler:wsd_rope,wsd,18300,2.8121849298477173,2.856940507888794,2.80803765262871,-0.004147277219007428,0.004147277219007428,0.001474752664730341,stable
single (ridge),M:100M_gpt_D:20B_scheduler:wsd_rope,wsd,18400,2.815676755905151,2.7823078632354736,2.8075931979613564,-0.008083557943794784,0.008083557943794784,0.0028709112034403872,stable
single (ridge),M:100M_gpt_D:20B_scheduler:wsd_rope,wsd,18500,2.808704957962036,2.7936065196990967,2.8071529228932515,-0.0015520350687845408,0.0015520350687845408,0.0005525803144203084,stable
single (ridge),M:100M_gpt_D:20B_scheduler:wsd_rope,wsd,18600,2.7997002744674684,2.829732656478882,2.8067167620687647,0.007016487601296362,0.007016487601296362,0.0025061567001599732,stable
single (ridge),M:100M_gpt_D:20B_scheduler:wsd_rope,wsd,18700,2.801025161743164,2.7941787242889404,2.806284651498317,0.005259489755153002,0.005259489755153002,0.0018777017168527897,stable
single (ridge),M:100M_gpt_D:20B_scheduler:wsd_rope,wsd,18800,2.802821660041809,2.696122407913208,2.8058565285227126,0.0030348684809036186,0.0030348684809036186,0.001082790433715411,stable
single (ridge),M:100M_gpt_D:20B_scheduler:wsd_rope,wsd,18900,2.8111113023757937,2.826571226119995,2.805432331778584,-0.005678970597209787,0.005678970597209787,0.0020201870315167667,stable
single (ridge),M:100M_gpt_D:20B_scheduler:wsd_rope,wsd,19000,2.7946328783035277,2.8098273277282715,2.8050120011649153,0.010379122861387646,0.010379122861387646,0.0037139485983891584,stable
single (ridge),M:100M_gpt_D:20B_scheduler:wsd_rope,wsd,19100,2.806077184677124,2.782902956008911,2.8045954778105964,-0.001481706866527599,0.001481706866527599,0.000528034964475893,stable
single (ridge),M:100M_gpt_D:20B_scheduler:wsd_rope,wsd,19200,2.7981446743011475,2.829697608947754,2.8041827040429803,0.006038029741832762,0.006038029741832762,0.002157869032751423,stable
single (ridge),M:100M_gpt_D:20B_scheduler:wsd_rope,wsd,19300,2.804232110977173,2.8416168689727783,2.8037736233574,-0.0004584876197730736,0.0004584876197730736,0.00016349845577273106,stable
single (ridge),M:100M_gpt_D:20B_scheduler:wsd_rope,wsd,19400,2.799671998023987,2.8654489517211914,2.803368180387616,0.003696182363628786,0.003696182363628786,0.0013202197851168128,stable
single (ridge),M:100M_gpt_D:20B_scheduler:wsd_rope,wsd,19500,2.7993939542770385,2.767624855041504,2.8029663208771565,0.003572366600117949,0.003572366600117949,0.0012761214243032597,stable
single (ridge),M:100M_gpt_D:20B_scheduler:wsd_rope,wsd,19600,2.8069617414474486,2.8713889122009277,2.8025679916515265,-0.004393749795922108,0.004393749795922108,0.0015653044824388703,stable
single (ridge),M:100M_gpt_D:20B_scheduler:wsd_rope,wsd,19700,2.8190045499801637,2.831437349319458,2.8021731405912447,-0.016831409388919027,0.016831409388919027,0.005970692523017553,stable
single (ridge),M:100M_gpt_D:20B_scheduler:wsd_rope,wsd,19800,2.80023934841156,2.787376642227173,2.8017817166056886,0.0015423681941286738,0.0015423681941286738,0.000550798700476652,stable
single (ridge),M:100M_gpt_D:20B_scheduler:wsd_rope,wsd,19900,2.809028091430664,2.7974820137023926,2.801393669607715,-0.007634421822948934,0.007634421822948934,0.002717816118051227,stable
single (ridge),M:100M_gpt_D:20B_scheduler:wsd_rope,wsd,20000,2.7950533628463745,2.8327603340148926,2.8010089504890328,0.005955587642658244,0.005955587642658244,0.0021307599067065053,stable
single (ridge),M:100M_gpt_D:20B_scheduler:wsd_rope,wsd,20100,2.8063294649124146,2.8145358562469482,2.800627511096294,-0.005701953816120486,0.005701953816120486,0.002031819102999884,stable
single (ridge),M:100M_gpt_D:20B_scheduler:wsd_rope,wsd,20200,2.8081904077529907,2.8806517124176025,2.8002493042078926,-0.007941103545098027,0.007941103545098027,0.0028278365751744743,stable
single (ridge),M:100M_gpt_D:20B_scheduler:wsd_rope,wsd,20300,2.8027264070510864,2.88262677192688,2.7998742835114294,-0.0028521235396570255,0.0028521235396570255,0.0010176246716346149,stable
single (ridge),M:100M_gpt_D:20B_scheduler:wsd_rope,wsd,20400,2.799114966392517,2.8082308769226074,2.799502403581837,0.00038743718932021665,0.00038743718932021665,0.0001384141751846454,stable
single (ridge),M:100M_gpt_D:20B_scheduler:wsd_rope,wsd,20500,2.800709939002991,2.768798828125,2.799133619860132,-0.0015763191428588286,0.0015763191428588286,0.0005628284175047323,stable
single (ridge),M:100M_gpt_D:20B_scheduler:wsd_rope,wsd,20600,2.798402261734009,2.826169729232788,2.7987678886327765,0.00036562689876751264,0.00036562689876751264,0.0001306555900726562,stable
single (ridge),M:100M_gpt_D:20B_scheduler:wsd_rope,wsd,20700,2.799432873725891,2.875556707382202,2.79840516701163,-0.0010277067142610008,0.0010277067142610008,0.00036711246906705777,stable
single (ridge),M:100M_gpt_D:20B_scheduler:wsd_rope,wsd,20800,2.7889522314071655,2.7293031215667725,2.7980454129144716,0.009093181507306092,0.009093181507306092,0.0032604292769539936,stable
single (ridge),M:100M_gpt_D:20B_scheduler:wsd_rope,wsd,20900,2.789527711868286,2.7871367931365967,2.7976885850460675,0.008160873177781358,0.008160873177781358,0.002925539381831634,stable
single (ridge),M:100M_gpt_D:20B_scheduler:wsd_rope,wsd,21000,2.794710249900818,2.75016188621521,2.7973346428797803,0.00262439297896222,0.00262439297896222,0.0009390572704470374,stable
single (ridge),M:100M_gpt_D:20B_scheduler:wsd_rope,wsd,21100,2.791245336532593,2.7856383323669434,2.7969835466396846,0.005738210107091746,0.005738210107091746,0.002055788515609309,stable
single (ridge),M:100M_gpt_D:20B_scheduler:wsd_rope,wsd,21200,2.7911898374557493,2.8116352558135986,2.7966352572831865,0.005445419827437181,0.005445419827437181,0.0019509313749869624,stable
single (ridge),M:100M_gpt_D:20B_scheduler:wsd_rope,wsd,21300,2.8017966175079345,2.7424066066741943,2.7962897364841233,-0.00550688102381125,0.00550688102381125,0.0019654820729669378,stable
single (ridge),M:100M_gpt_D:20B_scheduler:wsd_rope,wsd,21400,2.7880671215057373,2.7232234477996826,2.7959469466163283,0.007879825110590932,0.007879825110590932,0.0028262680800652013,stable
single (ridge),M:100M_gpt_D:20B_scheduler:wsd_rope,wsd,21500,2.796222085952759,2.821634292602539,2.795606850737653,-0.0006152352151058693,0.0006152352151058693,0.00022002373066023464,stable
single (ridge),M:100M_gpt_D:20B_scheduler:wsd_rope,wsd,21600,2.79370322227478,2.7941136360168457,2.7952694125744193,0.0015661902996391142,0.0015661902996391142,0.0005606144157158682,stable
single (ridge),M:100M_gpt_D:20B_scheduler:wsd_rope,wsd,21700,2.793227777481079,2.8069257736206055,2.7949345965062973,0.001706819025218298,0.001706819025218298,0.0006110561548107974,stable
single (ridge),M:100M_gpt_D:20B_scheduler:wsd_rope,wsd,21800,2.7967261695861816,2.7463903427124023,2.794602367551597,-0.002123802034584621,0.002123802034584621,0.0007593886229122209,stable
single (ridge),M:100M_gpt_D:20B_scheduler:wsd_rope,wsd,21900,2.793420424461365,2.8412606716156006,2.794272691352952,0.0008522668915871279,0.0008522668915871279,0.00030509796668056665,stable
single (ridge),M:100M_gpt_D:20B_scheduler:wsd_rope,wsd,22000,2.7941875076293945,2.8203485012054443,2.7939455341633894,-0.0002419734660050743,0.0002419734660050743,8.659886473057996e-05,stable
single (ridge),M:100M_gpt_D:20B_scheduler:wsd_rope,wsd,22100,2.791214985847473,2.786731719970703,2.793620862832774,0.0024058769853008144,0.0024058769853008144,0.0008619461408381405,stable
single (ridge),M:100M_gpt_D:20B_scheduler:wsd_rope,wsd,22200,2.790801148414612,2.8214848041534424,2.7932986447946075,0.002497496379995745,0.002497496379995745,0.000894903021454794,stable
single (ridge),M:100M_gpt_D:20B_scheduler:wsd_rope,wsd,22300,2.7968325567245484,2.8478028774261475,2.7929788480531856,-0.00385370867136281,0.00385370867136281,0.001377883227974148,stable
single (ridge),M:100M_gpt_D:20B_scheduler:wsd_rope,wsd,22400,2.792375922203064,2.8642406463623047,2.792661441171088,0.0002855189680239789,0.0002855189680239789,0.00010224947355896006,stable
single (ridge),M:100M_gpt_D:20B_scheduler:wsd_rope,wsd,22500,2.7807123136520384,2.7007007598876953,2.7923463932569983,0.01163407960495988,0.01163407960495988,0.004183848702306174,stable
single (ridge),M:100M_gpt_D:20B_scheduler:wsd_rope,wsd,22600,2.790016283988953,2.8480775356292725,2.7920336739538434,0.002017389964890537,0.002017389964890537,0.0007230746201976378,stable
single (ridge),M:100M_gpt_D:20B_scheduler:wsd_rope,wsd,22700,2.783337125778198,2.7643556594848633,2.791723253427242,0.008386127649044006,0.008386127649044006,0.0030129758883230195,stable
single (ridge),M:100M_gpt_D:20B_scheduler:wsd_rope,wsd,22800,2.783216743469238,2.8210177421569824,2.7914151023542493,0.008198358885011192,0.008198358885011192,0.0029456415510033403,stable
single (ridge),M:100M_gpt_D:20B_scheduler:wsd_rope,wsd,22900,2.7962729024887083,2.8233482837677,2.7911091919123954,-0.00516371057631293,0.00516371057631293,0.001846640423299593,stable
single (ridge),M:100M_gpt_D:20B_scheduler:wsd_rope,wsd,23000,2.7844913721084597,2.757716417312622,2.7908054937690037,0.006314121660544014,0.006314121660544014,0.0022676032412206272,stable
single (ridge),M:100M_gpt_D:20B_scheduler:wsd_rope,wsd,23100,2.7917145538330077,2.8057005405426025,2.790503980070784,-0.0012105737622238877,0.0012105737622238877,0.0004336309242511119,stable
single (ridge),M:100M_gpt_D:20B_scheduler:wsd_rope,wsd,23200,2.789416913986206,2.8060131072998047,2.7902046234336884,0.0007877094474824098,0.0007877094474824098,0.0002823921528305127,stable
single (ridge),M:100M_gpt_D:20B_scheduler:wsd_rope,wsd,23300,2.783476572036743,2.7330029010772705,2.7899073969330277,0.006430824896284548,0.006430824896284548,0.0023103571127163986,stable
single (ridge),M:100M_gpt_D:20B_scheduler:wsd_rope,wsd,23400,2.7852752304077146,2.7444450855255127,2.7896122740938325,0.00433704368611787,0.00433704368611787,0.001557132896156551,stable
single (ridge),M:100M_gpt_D:20B_scheduler:wsd_rope,wsd,23500,2.7879817724227904,2.811845302581787,2.7893192288814617,0.0013374564586712268,0.0013374564586712268,0.00047972209571117843,stable
single (ridge),M:100M_gpt_D:20B_scheduler:wsd_rope,wsd,23600,2.78417453289032,2.773740291595459,2.789028235692443,0.004853702802122939,0.004853702802122939,0.001743318439553497,stable
single (ridge),M:100M_gpt_D:20B_scheduler:wsd_rope,wsd,23700,2.783241558074951,2.811445713043213,2.7887392693455437,0.005497711270592731,0.005497711270592731,0.0019752907377523,stable
single (ridge),M:100M_gpt_D:20B_scheduler:wsd_rope,wsd,23800,2.783381543159485,2.8001043796539307,2.7884523050730605,0.005070761913575694,0.005070761913575694,0.0018217990724404057,stable
single (ridge),M:100M_gpt_D:20B_scheduler:wsd_rope,wsd,23900,2.788082399368286,2.8603832721710205,2.788167318512329,8.491914404284984e-05,8.491914404284984e-05,3.0457903275057622e-05,stable
single (ridge),M:100M_gpt_D:20B_scheduler:wsd_rope,wsd,24000,2.777108473777771,2.752704620361328,2.787884285697437,0.010775811919665923,0.010775811919665923,0.0038802272296578006,stable
single (ridge),M:100M_gpt_D:20B_scheduler:wsd_rope,wsd,24100,2.7878084325790407,2.7959179878234863,2.787603183051144,-0.0002052495278968003,0.0002052495278968003,7.362397125218574e-05,stable
single (ridge),M:100M_gpt_D:20B_scheduler:wsd_rope,wsd,24200,2.787828092575073,2.7749149799346924,2.7873239873769995,-0.0005041051980736455,0.0005041051980736455,0.00018082363091764795,stable
single (ridge),M:100M_gpt_D:20B_scheduler:wsd_rope,wsd,24300,2.77452739238739,2.8363254070281982,2.787046675851649,0.012519283464258901,0.012519283464258901,0.004512221972869573,stable
single (ridge),M:100M_gpt_D:20B_scheduler:wsd_rope,wsd,24400,2.7763162517547606,2.6973488330841064,2.7867712260173283,0.010454974262567696,0.010454974262567696,0.0037657720931322815,stable
single (ridge),M:100M_gpt_D:20B_scheduler:wsd_rope,wsd,24500,2.7795873880386353,2.766446590423584,2.786497615774542,0.006910227735906549,0.006910227735906549,0.00248606241546614,stable
single (ridge),M:100M_gpt_D:20B_scheduler:wsd_rope,wsd,24600,2.771833620071411,2.799379587173462,2.786225823374909,0.014392203303497997,0.014392203303497997,0.005192304184234265,stable
single (ridge),M:100M_gpt_D:20B_scheduler:wsd_rope,wsd,24700,2.790888719558716,2.7327566146850586,2.7859558274141913,-0.0049328921445246365,0.0049328921445246365,0.0017674986859757724,stable
single (ridge),M:100M_gpt_D:20B_scheduler:wsd_rope,wsd,24800,2.7898385763168334,2.8132851123809814,2.785687606825477,-0.004150969491356626,0.004150969491356626,0.0014878887712696154,stable
single (ridge),M:100M_gpt_D:20B_scheduler:wsd_rope,wsd,24900,2.7826601171493532,2.7973687648773193,2.785421140872533,0.0027610237231798784,0.0027610237231798784,0.0009922245646041602,stable
single (ridge),M:100M_gpt_D:20B_scheduler:wsd_rope,wsd,25000,2.7815841007232667,2.787517547607422,2.785156409143313,0.0035723084200465216,0.0035723084200465216,0.001284271224845458,stable
single (ridge),M:100M_gpt_D:20B_scheduler:wsd_rope,wsd,25100,2.7813020038604734,2.7624943256378174,2.784893391543618,0.003591387683144376,0.003591387683144376,0.001291261315081748,stable
single (ridge),M:100M_gpt_D:20B_scheduler:wsd_rope,wsd,25200,2.7929450988769533,2.8016672134399414,2.7846320682909007,-0.008313030586052594,0.008313030586052594,0.0029764389530590038,stable
single (ridge),M:100M_gpt_D:20B_scheduler:wsd_rope,wsd,25300,2.777973184585571,2.7415289878845215,2.7843724199082245,0.006399235322653407,0.006399235322653407,0.0023035626686972754,stable
single (ridge),M:100M_gpt_D:20B_scheduler:wsd_rope,wsd,25400,2.78663987159729,2.7800722122192383,2.784114427218355,-0.0025254443789348713,0.0025254443789348713,0.0009062686587798291,stable
single (ridge),M:100M_gpt_D:20B_scheduler:wsd_rope,wsd,25500,2.7746474313735963,2.862363338470459,2.78385807133799,0.009210639964393863,0.009210639964393863,0.003319571294084781,stable
single (ridge),M:100M_gpt_D:20B_scheduler:wsd_rope,wsd,25600,2.780123119354248,2.762179136276245,2.7836033336721258,0.0034802143178778167,0.0034802143178778167,0.0012518202138782192,stable
single (ridge),M:100M_gpt_D:20B_scheduler:wsd_rope,wsd,25700,2.7716629123687744,2.6888530254364014,2.78335019590855,0.01168728353977544,0.01168728353977544,0.004216704523345885,stable
single (ridge),M:100M_gpt_D:20B_scheduler:wsd_rope,wsd,25800,2.784291229248047,2.74310040473938,2.78309864001246,-0.0011925892355866274,0.0011925892355866274,0.0004283277636544902,stable
single (ridge),M:100M_gpt_D:20B_scheduler:wsd_rope,wsd,25900,2.7812167406082153,2.7707996368408203,2.782848648221208,0.001631907612992478,0.001631907612992478,0.0005867603157873993,stable
single (ridge),M:100M_gpt_D:20B_scheduler:wsd_rope,wsd,26000,2.7766705846786497,2.7941012382507324,2.78260020303916,0.005929618360510425,0.005929618360510425,0.0021355138031963097,stable
single (ridge),M:100M_gpt_D:20B_scheduler:wsd_rope,wsd,26100,2.7840646505355835,2.8762056827545166,2.7823532872326764,-0.0017113633029071096,0.0017113633029071096,0.0006146995554064761,stable
single (ridge),M:100M_gpt_D:20B_scheduler:wsd_rope,wsd,26200,2.769876160621643,2.786269187927246,2.7821078838252027,0.012231723203559586,0.012231723203559586,0.004415981976903408,stable
single (ridge),M:100M_gpt_D:20B_scheduler:wsd_rope,wsd,26300,2.7740730571746828,2.744067668914795,2.7818639760924726,0.007790918917789824,0.007790918917789824,0.0028084764738404767,stable
single (ridge),M:100M_gpt_D:20B_scheduler:wsd_rope,wsd,26400,2.7845960426330567,2.8119728565216064,2.7816215475578145,-0.0029744950752421673,0.0029744950752421673,0.0010681962588834056,stable
single (ridge),M:100M_gpt_D:20B_scheduler:wsd_rope,wsd,26500,2.782888240814209,2.7884438037872314,2.7813805819875674,-0.0015076588266413893,0.0015076588266413893,0.0005417604647322392,stable
single (ridge),M:100M_gpt_D:20B_scheduler:wsd_rope,wsd,26600,2.7813621950149536,2.8201684951782227,2.7811410633865963,-0.00022113162835735167,0.00022113162835735167,7.950479400118646e-05,stable
single (ridge),M:100M_gpt_D:20B_scheduler:wsd_rope,wsd,26700,2.768409867286682,2.769580841064453,2.7809029759939072,0.012493108707225087,0.012493108707225087,0.0045127381082012905,stable
single (ridge),M:100M_gpt_D:20B_scheduler:wsd_rope,wsd,26800,2.7727956056594847,2.7576446533203125,2.7806663042783573,0.007870698618872574,0.007870698618872574,0.002838542661712203,stable
single (ridge),M:100M_gpt_D:20B_scheduler:wsd_rope,wsd,26900,2.7758448123931885,2.7972042560577393,2.7804310329344633,0.004586220541274777,0.004586220541274777,0.0016521890996207302,stable
single (ridge),M:100M_gpt_D:20B_scheduler:wsd_rope,wsd,27000,2.781496229171753,2.7823798656463623,2.7801971468782964,-0.0012990822934564328,0.0012990822934564328,0.00046704442013328234,stable
single (ridge),M:100M_gpt_D:20B_scheduler:wsd_rope,wsd,27100,2.7815048360824584,2.742018222808838,2.779964631243472,-0.0015402048389865364,0.0015402048389865364,0.0005537307787520512,stable
single (ridge),M:100M_gpt_D:20B_scheduler:wsd_rope,wsd,27200,2.7799539136886597,2.6886324882507324,2.6650445146748805,-0.11490939901377928,0.11490939901377928,0.04133500143580025,decay
single (ridge),M:100M_gpt_D:20B_scheduler:wsd_rope,wsd,27300,2.7750635957717895,2.7650935649871826,2.6660278940706292,-0.10903570170116028,0.10903570170116028,0.0392912443041997,decay
single (ridge),M:100M_gpt_D:20B_scheduler:wsd_rope,wsd,27400,2.7659773063659667,2.7652523517608643,2.6668124385807,-0.09916486778526679,0.09916486778526679,0.03585165632307841,decay
single (ridge),M:100M_gpt_D:20B_scheduler:wsd_rope,wsd,27500,2.7669781637191773,2.8232171535491943,2.6674194967613953,-0.09955866695778193,0.09955866695778193,0.03598100926968002,decay
single (ridge),M:100M_gpt_D:20B_scheduler:wsd_rope,wsd,27600,2.762280611991882,2.805583953857422,2.667868302487155,-0.09441230950472734,0.09441230950472734,0.03417911601553275,decay
single (ridge),M:100M_gpt_D:20B_scheduler:wsd_rope,wsd,27700,2.768230528831482,2.7652275562286377,2.6681761791004415,-0.10005434973104066,0.10005434973104066,0.0361437924656063,decay
single (ridge),M:100M_gpt_D:20B_scheduler:wsd_rope,wsd,27800,2.7584649753570556,2.7861368656158447,2.6683587240282804,-0.09010625132877514,0.09010625132877514,0.03266535994973501,decay
single (ridge),M:100M_gpt_D:20B_scheduler:wsd_rope,wsd,27900,2.754283299446106,2.7904045581817627,2.6684299757289085,-0.08585332371719767,0.08585332371719767,0.03117083988218024,decay
single (ridge),M:100M_gpt_D:20B_scheduler:wsd_rope,wsd,28000,2.7440231323242186,2.7788727283477783,2.668402564653756,-0.07562056767046244,0.07562056767046244,0.027558283594501246,decay
single (ridge),M:100M_gpt_D:20B_scheduler:wsd_rope,wsd,28100,2.745720043182373,2.7616047859191895,2.6682878497491562,-0.07743219343321694,0.07743219343321694,0.028201051897290545,decay
single (ridge),M:100M_gpt_D:20B_scheduler:wsd_rope,wsd,28200,2.7526240968704223,2.828768253326416,2.6680960418777717,-0.08452805499265059,0.08452805499265059,0.030708172281407476,decay
single (ridge),M:100M_gpt_D:20B_scheduler:wsd_rope,wsd,28300,2.7401366949081423,2.778986930847168,2.667836315407356,-0.07230037950078616,0.07230037950078616,0.026385683471608662,decay
single (ridge),M:100M_gpt_D:20B_scheduler:wsd_rope,wsd,28400,2.7304227542877197,2.7011783123016357,2.6675169090968236,-0.06290584519089615,0.06290584519089615,0.023038866451032883,decay
single (ridge),M:100M_gpt_D:20B_scheduler:wsd_rope,wsd,28500,2.736436867713928,2.7793681621551514,2.667145217300547,-0.06929165041338115,0.06929165041338115,0.02532185238070876,decay
single (ridge),M:100M_gpt_D:20B_scheduler:wsd_rope,wsd,28600,2.7413117933273314,2.723827838897705,2.6667278724159353,-0.0745839209113961,0.0745839209113961,0.027207383374974692,decay
single (ridge),M:100M_gpt_D:20B_scheduler:wsd_rope,wsd,28700,2.7340556144714356,2.7367584705352783,2.666270819409918,-0.06778479506151758,0.06778479506151758,0.024792763798487015,decay
single (ridge),M:100M_gpt_D:20B_scheduler:wsd_rope,wsd,28800,2.733310022354126,2.716038227081299,2.665779383181349,-0.06753063917277702,0.06753063917277702,0.024706542112121883,decay
single (ridge),M:100M_gpt_D:20B_scheduler:wsd_rope,wsd,28900,2.722308349609375,2.723289966583252,2.6652583294438466,-0.057050020165528625,0.057050020165528625,0.020956487230300254,decay
single (ridge),M:100M_gpt_D:20B_scheduler:wsd_rope,wsd,29000,2.735462465286255,2.7625787258148193,2.6647119197476017,-0.07075054553865323,0.07075054553865323,0.025864198992490827,decay
single (ridge),M:100M_gpt_D:20B_scheduler:wsd_rope,wsd,29100,2.7158244037628174,2.6634840965270996,2.664143961201275,-0.05168044256154225,0.05168044256154225,0.01902937557006196,decay
single (ridge),M:100M_gpt_D:20B_scheduler:wsd_rope,wsd,29200,2.716887936592102,2.7261295318603516,2.6635578514004092,-0.05333008519169269,0.05333008519169269,0.019629107433332967,decay
single (ridge),M:100M_gpt_D:20B_scheduler:wsd_rope,wsd,29300,2.705785870552063,2.720782518386841,2.6629566190203273,-0.04282925153173567,0.04282925153173567,0.01582876605198518,decay
single (ridge),M:100M_gpt_D:20B_scheduler:wsd_rope,wsd,29400,2.7028545427322386,2.682007074356079,2.662342960489209,-0.04051158224302975,0.04051158224302975,0.014988443367018097,decay
single (ridge),M:100M_gpt_D:20B_scheduler:wsd_rope,wsd,29500,2.720144214630127,2.69000244140625,2.661719273115861,-0.058424941514265694,0.058424941514265694,0.021478619111454007,decay
single (ridge),M:100M_gpt_D:20B_scheduler:wsd_rope,wsd,29600,2.7121169996261596,2.649141550064087,2.6610876850114686,-0.05102931461469096,0.05102931461469096,0.018815307238487455,decay
single (ridge),M:100M_gpt_D:20B_scheduler:wsd_rope,wsd,29700,2.7167874240875243,2.6734228134155273,2.6604500821132473,-0.05633734197427698,0.05633734197427698,0.020736750131710713,decay
single (ridge),M:100M_gpt_D:20B_scheduler:wsd_rope,wsd,29800,2.71116632938385,2.681358814239502,2.659808132586685,-0.0513581967971648,0.0513581967971648,0.01894321135540093,decay
single (ridge),M:100M_gpt_D:20B_scheduler:wsd_rope,wsd,29900,2.7108665227890016,2.6474411487579346,2.6591633088582545,-0.05170321393074717,0.05170321393074717,0.019072578268277747,decay
single (ridge),M:100M_gpt_D:20B_scheduler:wsd_rope,wsd,30000,2.6941605043411254,2.647083282470703,2.658516907505643,-0.03564359683548224,0.03564359683548224,0.013229945572303278,decay
single (ridge),M:100M_gpt_D:20B_scheduler:wsd_rope,wsd,30100,2.702515859603882,2.6828296184539795,2.6578700672108337,-0.04464579239304811,0.04464579239304811,0.016520085251078606,decay
single (ridge),M:100M_gpt_D:20B_scheduler:wsd_rope,wsd,30200,2.698954291343689,2.6851513385772705,2.657223784962644,-0.04173050638104492,0.04173050638104492,0.01546173142497688,decay
single (ridge),M:100M_gpt_D:20B_scheduler:wsd_rope,wsd,30300,2.69772584438324,2.724318265914917,2.6565789306759284,-0.041146913707311494,0.041146913707311494,0.01525244449615991,decay
single (ridge),M:100M_gpt_D:20B_scheduler:wsd_rope,wsd,30400,2.697532992362976,2.7636802196502686,2.655936260380573,-0.04159673198240288,0.04159673198240288,0.01542028664715797,decay
single (ridge),M:100M_gpt_D:20B_scheduler:wsd_rope,wsd,30500,2.694555287361145,2.7248613834381104,2.655296428116885,-0.03925885924425998,0.03925885924425998,0.014569698914104414,decay
single (ridge),M:100M_gpt_D:20B_scheduler:wsd_rope,wsd,30600,2.686578860282898,2.653327226638794,2.654659996662665,-0.03191886362023322,0.03191886362023322,0.011880858623622217,decay
single (ridge),M:100M_gpt_D:20B_scheduler:wsd_rope,wsd,30700,2.692483277320862,2.581061840057373,2.654027447203908,-0.03845583011695419,0.03845583011695419,0.014282662566884879,decay
single (ridge),M:100M_gpt_D:20B_scheduler:wsd_rope,wsd,30800,2.687119278907776,2.683967113494873,2.6533991880510577,-0.03372009085671834,0.03372009085671834,0.012548788258638236,decay
single (ridge),M:100M_gpt_D:20B_scheduler:wsd_rope,wsd,30900,2.691194577217102,2.6518969535827637,2.652775562493282,-0.038419014723820144,0.038419014723820144,0.014275821989634173,decay
single (ridge),M:100M_gpt_D:20B_scheduler:wsd_rope,wsd,31000,2.6847599649429323,2.6048223972320557,2.652156855873092,-0.03260310906984021,0.03260310906984021,0.012143770577468823,decay
single (ridge),M:100M_gpt_D:20B_scheduler:wsd_rope,wsd,31100,2.6754231071472168,2.665010690689087,2.6515433019575605,-0.023879805189656267,0.023879805189656267,0.008925618204411458,decay
single (ridge),M:100M_gpt_D:20B_scheduler:wsd_rope,wsd,31200,2.6908038854599,2.717784881591797,2.650935088673536,-0.03986879678636379,0.03986879678636379,0.014816686196195826,decay
single (ridge),M:100M_gpt_D:20B_scheduler:wsd_rope,wsd,31300,2.6735128450393675,2.6612231731414795,2.650332363268838,-0.02318048177052967,0.02318048177052967,0.008670420945813087,decay
single (ridge),M:100M_gpt_D:20B_scheduler:wsd_rope,wsd,31400,2.674526219367981,2.7060251235961914,2.6497352369545424,-0.024790982413438467,0.024790982413438467,0.00926929870191994,decay
single (ridge),M:100M_gpt_D:20B_scheduler:wsd_rope,wsd,31500,2.6889481019973753,2.690253496170044,2.6491437890794476,-0.03980431291792774,0.03980431291792774,0.014802930888982473,decay
single (ridge),M:100M_gpt_D:20B_scheduler:wsd_rope,wsd,31600,2.6852880191802977,2.679311990737915,2.6485580708813425,-0.03672994829895515,0.03672994829895515,0.013678215534647644,decay
single (ridge),M:100M_gpt_D:20B_scheduler:wsd_rope,wsd,31700,2.670468153953552,2.6793763637542725,2.6479781088570116,-0.022490045096540623,0.022490045096540623,0.008421761204395847,decay
single (ridge),M:100M_gpt_D:20B_scheduler:wsd_rope,wsd,31800,2.687495536804199,2.6989870071411133,2.647403907787501,-0.04009162901669816,0.04009162901669816,0.014917840222489303,decay
single (ridge),M:100M_gpt_D:20B_scheduler:wsd_rope,wsd,31900,2.6789853382110596,2.702249050140381,2.64683545345276,-0.032149884758299496,0.032149884758299496,0.01200076920904993,decay
single (ridge),M:100M_gpt_D:20B_scheduler:wsd_rope,wsd,32000,2.6693030738830568,2.5695126056671143,2.6462727150657086,-0.023030358817348162,0.023030358817348162,0.008627854604702384,decay
single (ridge),M:100M_gpt_D:20B_scheduler:wsd_rope,wsd,32100,2.6752203845977784,2.7322752475738525,2.6457156474533168,-0.029504737144461668,0.029504737144461668,0.01102889964293455,decay
single (ridge),M:100M_gpt_D:20B_scheduler:wsd_rope,wsd,32200,2.6758691692352294,2.6965348720550537,2.645164193009584,-0.030704976225645275,0.030704976225645275,0.011474767368548456,decay
single (ridge),M:100M_gpt_D:20B_scheduler:wsd_rope,wsd,32300,2.6587631368637084,2.6038525104522705,2.6446182834426994,-0.014144853421008907,0.014144853421008907,0.0053200878351631785,decay
single (ridge),M:100M_gpt_D:20B_scheduler:wsd_rope,wsd,32400,2.666437473297119,2.740095376968384,2.644077841336776,-0.022359631960342963,0.022359631960342963,0.008385582705112037,decay
single (ridge),M:100M_gpt_D:20B_scheduler:wsd_rope,wsd,32500,2.6634787130355835,2.6799559593200684,2.6435427815463637,-0.019935931489219794,0.019935931489219794,0.007484922403039853,decay
single (ridge),M:100M_gpt_D:20B_scheduler:wsd_rope,wsd,32600,2.666910195350647,2.68563175201416,2.643013012440565,-0.023897182910082027,0.023897182910082027,0.008960625277800182,decay
single (ridge),M:100M_gpt_D:20B_scheduler:wsd_rope,wsd,32700,2.6761608266830446,2.6691648960113525,2.6424884370111497,-0.0336723896718949,0.0336723896718949,0.012582349063688368,decay
single (ridge),M:100M_gpt_D:20B_scheduler:wsd_rope,wsd,32800,2.666585259437561,2.6544532775878906,2.6419689538588527,-0.02461630557870853,0.02461630557870853,0.009231396405416502,decay
single (ridge),M:100M_gpt_D:20B_scheduler:wsd_rope,wsd,32900,2.660534586906433,2.6738007068634033,2.6414544580695796,-0.019080128836853394,0.019080128836853394,0.007171539483363391,decay
single (ridge),M:100M_gpt_D:20B_scheduler:wsd_rope,wsd,33000,2.6710383033752443,2.710245370864868,2.6409448419915873,-0.030093461383656983,0.030093461383656983,0.011266577999135965,decay
single (ridge),M:100M_gpt_D:20B_scheduler:wsd_rope,wsd,33100,2.662472586631775,2.6508262157440186,2.640439995923998,-0.022032590707776745,0.022032590707776745,0.008275236642210693,decay
single (ridge),M:100M_gpt_D:20B_scheduler:wsd_rope,wsd,33200,2.6601291131973266,2.692379951477051,2.6399398087249186,-0.020189304472407965,0.020189304472407965,0.007589595697534226,decay
single (ridge),M:100M_gpt_D:20B_scheduler:wsd_rope,wsd,33300,2.667704396247864,2.6660728454589844,2.639444168347963,-0.028260227899901125,0.028260227899901125,0.010593463031229862,decay
single (ridge),M:100M_gpt_D:20B_scheduler:wsd_rope,wsd,33400,2.664996566772461,2.677109956741333,2.6389529623142094,-0.02604360445825149,0.02604360445825149,0.00977247204854471,decay
single (ridge),M:100M_gpt_D:20B_scheduler:wsd_rope,wsd,33500,2.6702127265930176,2.66862416267395,2.638466078125904,-0.03174664846711339,0.03174664846711339,0.011889183266540577,decay
single (ridge),M:100M_gpt_D:20B_scheduler:wsd_rope,wsd,33600,2.6634789085388184,2.6858208179473877,2.637983403628615,-0.02549550491020325,0.02549550491020325,0.009572257106473598,decay
single (ridge),M:100M_gpt_D:20B_scheduler:wsd_rope,wsd,33700,2.665914702415466,2.7955620288848877,2.6375048273263966,-0.02840987508906956,0.02840987508906956,0.010656708207253833,decay
single (ridge),M:100M_gpt_D:20B_scheduler:wsd_rope,wsd,33800,2.6578912210464476,2.6187386512756348,2.637030238655415,-0.0208609823910324,0.0208609823910324,0.00784869682620764,decay
single (ridge),M:100M_gpt_D:20B_scheduler:wsd_rope,wsd,33900,2.6565610122680665,2.6261696815490723,2.6365595282200958,-0.020001484047970752,0.020001484047970752,0.007529088906900082,decay
single (ridge),M:100M_gpt_D:20B_scheduler:wsd_rope,wsd,33907,2.658173666000366,2.6357319355010986,2.6365267209292385,-0.021646945071127632,0.021646945071127632,0.008143540562456484,decay
